few_shots,rag,answers
Contradicted,Entailment,Contradiction
Contradicted,Entailment,Contradiction
Entailment,Entailment,Entailment
Entailment,Entailment,Entailment
Entailment,Entailment,Entailment
Entailment,Entailment,Entailment
Entailment,Entailment,Entailment
Contradicted,Entailment,Entailment
Entailment,Entailment,Entailment
Entailment,Entailment,Entailment
Entailment,Entailment,Entailment
Entailment,Entailment,Entailment
Entailment,Entailment,Entailment
Entailment,Entailment,Entailment
Entailment,Entailment,Entailment
Entailment,Entailment,Entailment
Entailment,Entailment,Entailment
Entailment,Entailment,Entailment
Entailment,Entailment,Entailment
Entailment,Entailment,Entailment
Entailment,Entailment,Entailment
Entailment,Entailment,Entailment
Entailment,Contradicted,Contradiction
Contradicted,Entailment,Contradiction
Contradicted,Contradicted,Contradiction
Contradicted,Contradicted,Contradiction
Entailment,Entailment,Entailment
Entailment,Entailment,Entailment
Entailment,Entailment,Entailment
Entailment,Entailment,Entailment
Entailment,Entailment,Entailment
Entailment,Entailment,Entailment
Entailment,Entailment,Entailment
Entailment,Entailment,Contradiction
Entailment,Entailment,Entailment
Entailment,Entailment,Entailment
Entailment,Entailment,Entailment
Entailment,Entailment,Entailment
Entailment,Entailment,Entailment
Entailment,Entailment,Entailment
Entailment,Entailment,Entailment
Entailment,Contradicted,Contradiction
Entailment,Entailment,Entailment
Contradicted,Contradicted,Contradiction
Entailment,Entailment,Entailment
Entailment,Entailment,Entailment
Entailment,Entailment,Entailment
Entailment,Entailment,Entailment
Entailment,Entailment,Contradiction
Entailment,Entailment,Contradiction
Entailment,Entailment,Entailment
Entailment,Entailment,Entailment
Entailment,Entailment,Entailment
Entailment,Entailment,Entailment
Entailment,Entailment,Entailment
Contradicted,Entailment,Contradiction
Contradicted,Contradicted,Contradiction
Entailment,Entailment,Entailment
Entailment,Entailment,Entailment
Entailment,Entailment,Entailment
Entailment,Entailment,Entailment
Entailment,Entailment,Entailment
Entailment,Entailment,Entailment
Entailment,Entailment,Entailment
Entailment,Entailment,Entailment
Entailment,Entailment,Entailment
Entailment,Entailment,Entailment
Entailment,Contradicted,Entailment
Entailment,Entailment,Contradiction
Entailment,Entailment,Entailment
Entailment,Entailment,Entailment
Entailment,Entailment,Entailment
Entailment,Entailment,Entailment
Entailment,Entailment,Entailment
Entailment,Contradicted,Contradiction
Entailment,"Entailment

The original statement ""All Confidential Information shall be expressly identified by the Disclosing Party"" and the hypothesis ""All Confidential Information shall be expressly identified by the Disclosing Party"" are exactly the same. Therefore, the hypothesis is entailed by the original statement, not contradicted.",Contradiction
Entailment,Entailment,Entailment
Entailment,Entailment,Entailment
Entailment,Entailment,Entailment
Entailment,Entailment,Entailment
Entailment,Entailment,Entailment
Entailment,Entailment,Entailment
Entailment,Entailment,Entailment
Entailment,Entailment,Entailment
Entailment,Entailment,Entailment
Entailment,Entailment,Entailment
Entailment,Entailment,Entailment
Entailment,Entailment,Entailment
Entailment,Entailment,Entailment
Entailment,Contradicted,Contradiction
Entailment,Entailment,Entailment
Entailment,Entailment,Entailment
Entailment,Entailment,Entailment
Contradicted,Contradicted,Contradiction
Contradicted,Entailment,Contradiction
Entailment,Entailment,Entailment
Entailment,Entailment,Entailment
Contradicted,Entailment,Entailment
Entailment,Entailment,Entailment
Entailment,Entailment,Entailment
Contradicted,Entailment,Contradiction
Contradicted,Entailment,Contradiction
Contradicted,Contradicted,Contradiction
Entailment,Entailment,Entailment
Entailment,Entailment,Entailment
Entailment,Entailment,Entailment
Entailment,Entailment,Entailment
Entailment,Entailment,Entailment
Entailment,Contradicted,Entailment
Entailment,Entailment,Entailment
Entailment,Entailment,Entailment
Entailment,Entailment,Entailment
Entailment,Entailment,Entailment
Entailment,Entailment,Entailment
Entailment,Entailment,Entailment
Entailment,Entailment,Entailment
Entailment,Entailment,Entailment
Entailment,Entailment,Entailment
Entailment,Entailment,Entailment
Entailment,Entailment,Entailment
Entailment,Entailment,Entailment
Entailment,Entailment,Entailment
Entailment,Entailment,Entailment
Entailment,Entailment,Entailment
Entailment,Entailment,Entailment
Entailment,Entailment,Entailment
Entailment,Entailment,Entailment
Entailment,Entailment,Entailment
Entailment,Entailment,Entailment
Contradicted,Contradicted,Entailment
Entailment,Entailment,Entailment
Entailment,Entailment,Entailment
Entailment,Entailment,Entailment
Entailment,Entailment,Entailment
Entailment,Entailment,Entailment
Entailment,Entailment,Entailment
Entailment,Entailment,Entailment
Entailment,Contradicted,Contradiction
Entailment,Contradicted,Contradiction
Entailment,Entailment,Entailment
Entailment,Entailment,Entailment
Entailment,Entailment,Entailment
Entailment,Entailment,Entailment
Entailment,Entailment,Entailment
Entailment,Entailment,Entailment
Entailment,Entailment,Entailment
Entailment,Entailment,Entailment
Entailment,Entailment,Entailment
Entailment,Entailment,Entailment
Entailment,Entailment,Entailment
Entailment,Entailment,Entailment
Contradicted,Contradicted,Contradiction
Contradicted,Entailment,Contradiction
Entailment,Entailment,Contradiction
Entailment,Entailment,Entailment
Entailment,Contradicted,Entailment
Entailment,Entailment,Entailment
Entailment,Entailment,Entailment
Entailment,Contradicted,Entailment
Entailment,Entailment,Entailment
Entailment,Entailment,Entailment
Entailment,Entailment,Entailment
Entailment,Entailment,Entailment
Entailment,Entailment,Entailment
Entailment,Entailment,Entailment
Entailment,Entailment,Entailment
Entailment,Entailment,Entailment
Entailment,Entailment,Entailment
Entailment,Entailment,Entailment
Entailment,Entailment,Entailment
Entailment,Entailment,Entailment
Entailment,Entailment,Entailment
Entailment,Entailment,Entailment
Entailment,Entailment,Entailment
Entailment,Entailment,Entailment
Entailment,Entailment,Entailment
Entailment,Entailment,Entailment
Entailment,Entailment,Entailment
Entailment,Entailment,Entailment
Entailment,Entailment,Entailment
Entailment,Entailment,Entailment
Entailment,Entailment,Entailment
Entailment,Entailment,Entailment
Entailment,Entailment,Entailment
Entailment,Entailment,Entailment
Entailment,Entailment,Entailment
Entailment,Entailment,Entailment
Contradicted,Contradicted,Contradiction
Contradicted,Entailment,Contradiction
Contradicted,Contradicted,Contradiction
Contradicted,Entailment,Contradiction
Contradicted,Contradicted,Contradiction
Entailment,Entailment,Entailment
Entailment,Entailment,Entailment
Entailment,Entailment,Entailment
Entailment,Entailment,Entailment
Entailment,Entailment,Entailment
Entailment,Entailment,Entailment
Entailment,Entailment,Entailment
Entailment,Entailment,Entailment
